INSERT INTO USERLOGIN(ID,NAME,password) VALUES(1,'root@qq.com','123456');
INSERT INTO USERLOGIN(ID,NAME,password) VALUES(2,'liuliang@qq.com','123456');
INSERT INTO USERLOGIN(ID,NAME,password) VALUES(3,'lihang@qq.com','123456');
INSERT INTO USERLOGIN(ID,NAME,password) VALUES(4,'zsy@qq.com','123456');

INSERT INTO COLLEGE(ID,name) VALUES(1,'信息工程学院');
INSERT INTO COLLEGE(ID,name) VALUES(2,'环境与资源学院');
INSERT INTO COLLEGE(ID,name) VALUES(3,'材料科学与工程学院');
INSERT INTO COLLEGE(ID,name) VALUES(4,'制造科学与工程学院');
INSERT INTO COLLEGE(ID,name) VALUES(5,'土木工程与建筑学院');
INSERT INTO COLLEGE(ID,name) VALUES(6,'生命科学与工程学院');
INSERT INTO COLLEGE(ID,name) VALUES(7,'计算机科学与技术学院');
INSERT INTO COLLEGE(ID,name) VALUES(8,'国防科技学院');
INSERT INTO COLLEGE(ID,name) VALUES(9,'理学院');
INSERT INTO COLLEGE(ID,name) VALUES(10,'经济管理学院');
INSERT INTO COLLEGE(ID,name) VALUES(11,'法学院');
INSERT INTO COLLEGE(ID,name) VALUES(12,'文学与艺术学院');
INSERT INTO COLLEGE(ID,name) VALUES(13,'外国语学院');
INSERT INTO COLLEGE(ID,name) VALUES(14,'马克思注意学院');
INSERT INTO COLLEGE(ID,name) VALUES(15,'体育学科部');
INSERT INTO COLLEGE(ID,name) VALUES(16,'应用技术学院');

INSERT INTO MAJOR(ID,name,college_id) VALUES(1,'电子信息类-电子信息工程',1);
INSERT INTO MAJOR(ID,name,college_id) VALUES(2,'电子信息类-通信工程',1);
INSERT INTO MAJOR(ID,name,college_id) VALUES(3,'自动化',1);
INSERT INTO MAJOR(ID,name,college_id) VALUES(4,'电气工程及其自动化',1);
INSERT INTO MAJOR(ID,name,college_id) VALUES(5,'计算机类-物联网工程',1);
INSERT INTO MAJOR(ID,name,college_id) VALUES(6,'生物医学工程 ',1);
INSERT INTO MAJOR(ID,name,college_id) VALUES(7,'地质工程',2);
INSERT INTO MAJOR(ID,name,college_id) VALUES(8,'环境工程',2);
INSERT INTO MAJOR(ID,name,college_id) VALUES(9,'矿业类-采矿工程',2);
INSERT INTO MAJOR(ID,name,college_id) VALUES(10,'测绘工程',2);
INSERT INTO MAJOR(ID,name,college_id) VALUES(11,'安全工程',2);
INSERT INTO MAJOR(ID,name,college_id) VALUES(12,'交通工程',2);
INSERT INTO MAJOR(ID,name,college_id) VALUES(13,'地理信息科学',2);
INSERT INTO MAJOR(ID,name,college_id) VALUES(14,'矿业类-矿物加工工程',2);
INSERT INTO MAJOR(ID,name,college_id) VALUES(15,'应用化学',3);
INSERT INTO MAJOR(ID,name,college_id) VALUES(16,'材料类-材料科学与工程',3);
INSERT INTO MAJOR(ID,name,college_id) VALUES(17,'材料类-材料科学与工程',3);
INSERT INTO MAJOR(ID,name,college_id) VALUES(18,'材料类-功能材料',3);
INSERT INTO MAJOR(ID,name,college_id) VALUES(19,'能源化学工程',3);
INSERT INTO MAJOR(ID,name,college_id) VALUES(20,'机械类-机械设计制造及其自动化',4);
INSERT INTO MAJOR(ID,name,college_id) VALUES(21,'机械类-材料成型及控制工程',4);
INSERT INTO MAJOR(ID,name,college_id) VALUES(22,'机械类-过程装备与控制工程',4);
INSERT INTO MAJOR(ID,name,college_id) VALUES(23,'机械类-工业设计',4);
INSERT INTO MAJOR(ID,name,college_id) VALUES(24,'工业工程 ',4);
INSERT INTO MAJOR(ID,name,college_id) VALUES(25,'建筑类-建筑学',5);
INSERT INTO MAJOR(ID,name,college_id) VALUES(26,'建筑类-城乡规划',5);
INSERT INTO MAJOR(ID,name,college_id) VALUES(27,'土木类-土木工程',5);
INSERT INTO MAJOR(ID,name,college_id) VALUES(28,'土木类-建筑环境与能源应用工程 ',5);
INSERT INTO MAJOR(ID,name,college_id) VALUES(29,'管理科学与工程类-工程管理',5);
INSERT INTO MAJOR(ID,name,college_id) VALUES(30,'管理科学与工程类-工程造价',5);
INSERT INTO MAJOR(ID,name,college_id) VALUES(31,'工程力学',5);
INSERT INTO MAJOR(ID,name,college_id) VALUES(32,'制药工程',6);
INSERT INTO MAJOR(ID,name,college_id) VALUES(33,'食品科学与工程',6);
INSERT INTO MAJOR(ID,name,college_id) VALUES(34,'生物工程',6);
INSERT INTO MAJOR(ID,name,college_id) VALUES(35,'植物生产类-农学',6);
INSERT INTO MAJOR(ID,name,college_id) VALUES(36,'植物生产类-园艺',6);
INSERT INTO MAJOR(ID,name,college_id) VALUES(37,'动物科学',6);
INSERT INTO MAJOR(ID,name,college_id) VALUES(38,'计算机类-计算机科学与技术',7);
INSERT INTO MAJOR(ID,name,college_id) VALUES(39,'计算机类-软件工程',7);
INSERT INTO MAJOR(ID,name,college_id) VALUES(40,'计算机类-信息安全',7);
INSERT INTO MAJOR(ID,name,college_id) VALUES(41,'医学影像技术',7);
INSERT INTO MAJOR(ID,name,college_id) VALUES(42,'兵器类-特种能源技术与工程',8);
INSERT INTO MAJOR(ID,name,college_id) VALUES(43,'兵器类-信息对抗技术',8);
INSERT INTO MAJOR(ID,name,college_id) VALUES(44,'核工程类-核工程与核技术',8);
INSERT INTO MAJOR(ID,name,college_id) VALUES(45,'核工程类-辐射防护与核安全',8);
INSERT INTO MAJOR(ID,name,college_id) VALUES(46,'核工程类-核化工与核燃料工程',8);
INSERT INTO MAJOR(ID,name,college_id) VALUES(47,'数学类-数学与应用数学',9);
INSERT INTO MAJOR(ID,name,college_id) VALUES(48,'数学类-信息与计算科学',9);
INSERT INTO MAJOR(ID,name,college_id) VALUES(49,'应用物理学',9);
INSERT INTO MAJOR(ID,name,college_id) VALUES(50,'电子信息类-光电信息科学与工程',9);
INSERT INTO MAJOR(ID,name,college_id) VALUES(51,'经济学',10);
INSERT INTO MAJOR(ID,name,college_id) VALUES(52,'国际经济与贸易 ',10);
INSERT INTO MAJOR(ID,name,college_id) VALUES(53,'管理科学与工程类-信息管理与信息系统',10);
INSERT INTO MAJOR(ID,name,college_id) VALUES(54,'工商管理类-工商管理',10);
INSERT INTO MAJOR(ID,name,college_id) VALUES(55,'工商管理类-市场营销',10);
INSERT INTO MAJOR(ID,name,college_id) VALUES(56,'工商管理类-会计学',10);
INSERT INTO MAJOR(ID,name,college_id) VALUES(57,'公共事业管理',10);
INSERT INTO MAJOR(ID,name,college_id) VALUES(58,'物流管理',10);
INSERT INTO MAJOR(ID,name,college_id) VALUES(59,'电子商务',10);
INSERT INTO MAJOR(ID,name,college_id) VALUES(60,'法学类-法学',11);
INSERT INTO MAJOR(ID,name,college_id) VALUES(61,'法学类-知识产权',11);
INSERT INTO MAJOR(ID,name,college_id) VALUES(62,'应用心理学',11);
INSERT INTO MAJOR(ID,name,college_id) VALUES(63,'中国语言文学类-汉语言文学',12);
INSERT INTO MAJOR(ID,name,college_id) VALUES(64,'中国语言文学类-汉语国际教育',12);
INSERT INTO MAJOR(ID,name,college_id) VALUES(65,'广播电视学 ',12);
INSERT INTO MAJOR(ID,name,college_id) VALUES(66,'音乐表演',12);
INSERT INTO MAJOR(ID,name,college_id) VALUES(67,'音乐学',12);
INSERT INTO MAJOR(ID,name,college_id) VALUES(68,'设计学类-视觉传达设计',12);
INSERT INTO MAJOR(ID,name,college_id) VALUES(69,'设计学类-环境设计',12);
INSERT INTO MAJOR(ID,name,college_id) VALUES(70,'外国语言文学类-英语',13);
INSERT INTO MAJOR(ID,name,college_id) VALUES(71,'外国语言文学类-翻译',13);
INSERT INTO MAJOR(ID,name,college_id) VALUES(72,'外国语言文学类-商务英语',13);
INSERT INTO MAJOR(ID,name,college_id) VALUES(73,'西班牙语',13);
INSERT INTO MAJOR(ID,name,college_id) VALUES(74,'日语',13);
INSERT INTO MAJOR(ID,name,college_id) VALUES(75,'思想政治教育 ',14);
INSERT INTO MAJOR(ID,name,college_id) VALUES(76,'社会体育指导与管理  ',15);
INSERT INTO MAJOR(ID,name,college_id) VALUES(77,'工商企业管理',16);
INSERT INTO MAJOR(ID,name,college_id) VALUES(78,'会计',16);
INSERT INTO MAJOR(ID,name,college_id) VALUES(79,'经济信息管理 ',16);
INSERT INTO MAJOR(ID,name,college_id) VALUES(80,'法律事务',16);
INSERT INTO MAJOR(ID,name,college_id) VALUES(81,'行政管理',16);
INSERT INTO MAJOR(ID,name,college_id) VALUES(82,'建筑工程技术',16);
INSERT INTO MAJOR(ID,name,college_id) VALUES(83,'机电一体化技术',16);
INSERT INTO MAJOR(ID,name,college_id) VALUES(84,'计算机信息管理',16);


INSERT INTO STUDENT(ID,phone,address,birth,grade,name,no,sex,college_id,major_id) VALUES(1,'18728532222','四川省绵阳市1'
,'1997-08-24','2016','lihang','512016001','Male',1,1);
INSERT INTO STUDENT(ID,phone,address,birth,grade,name,no,sex,college_id,major_id) VALUES(2,'18728533333','四川省绵阳市2'
,'1998-02-16','2016','liuliang','512016002','Male',2,2);
INSERT INTO STUDENT(ID,phone,address,birth,grade,name,no,sex,college_id,major_id) VALUES(3,'18728534444','四川省绵阳市3'
,'1998-10-20','2016','liaojiajun','512016003','Male',3,3);
INSERT INTO STUDENT(ID,phone,address,birth,grade,name,no,sex,college_id,major_id) VALUES(4,'18728535555','四川省绵阳市4'
,'1998-06-30','2016','zhousiyi','512016004','Female',4,4);
INSERT INTO STUDENT(ID,phone,address,birth,grade,name,no,sex,college_id,major_id) VALUES(5,'18728532222','四川省绵阳市1'
,'1997-08-24','2016','lihang','512016001','Male',1,1);
INSERT INTO STUDENT(ID,phone,address,birth,grade,name,no,sex,college_id,major_id) VALUES(6,'18728533333','四川省绵阳市2'
,'1998-02-16','2016','liuliang','512016002','Male',2,2);
INSERT INTO STUDENT(ID,phone,address,birth,grade,name,no,sex,college_id,major_id) VALUES(7,'18728534444','四川省绵阳市3'
,'1998-10-20','2016','liaojiajun','512016003','Male',3,3);
INSERT INTO STUDENT(ID,phone,address,birth,grade,name,no,sex,college_id,major_id) VALUES(8,'18728535555','四川省绵阳市4'
,'1998-06-30','2016','zhousiyi','512016004','Female',4,4);
INSERT INTO STUDENT(ID,phone,address,birth,grade,name,no,sex,college_id,major_id) VALUES(9,'18728532222','四川省绵阳市1'
,'1997-08-24','2016','lihang','512016001','Male',1,1);
INSERT INTO STUDENT(ID,phone,address,birth,grade,name,no,sex,college_id,major_id) VALUES(10,'18728533333','四川省绵阳市2'
,'1998-02-16','2016','liuliang','512016002','Male',2,2);
INSERT INTO STUDENT(ID,phone,address,birth,grade,name,no,sex,college_id,major_id) VALUES(11,'18728534444','四川省绵阳市3'
,'1998-10-20','2016','liaojiajun','512016003','Male',3,3);
INSERT INTO STUDENT(ID,phone,address,birth,grade,name,no,sex,college_id,major_id) VALUES(12,'18728535555','四川省绵阳市4'
,'1998-06-30','2016','zhousiyi','512016004','Female',4,4);
INSERT INTO STUDENT(ID,phone,address,birth,grade,name,no,sex,college_id,major_id) VALUES(13,'18728532222','四川省绵阳市1'
,'1997-08-24','2016','lihang','512016001','Male',1,1);
INSERT INTO STUDENT(ID,phone,address,birth,grade,name,no,sex,college_id,major_id) VALUES(14,'18728533333','四川省绵阳市2'
,'1998-02-16','2016','liuliang','512016002','Male',2,2);
INSERT INTO STUDENT(ID,phone,address,birth,grade,name,no,sex,college_id,major_id) VALUES(15,'18728534444','四川省绵阳市3'
,'1998-10-20','2016','liaojiajun','512016003','Male',3,3);

INSERT INTO TEACHER(ID,name,college_id,birth,position,sex) VALUES(1,'刘亮',1,'1997-08-24','教授','男');
INSERT INTO TEACHER(ID,name,college_id,birth,position,sex) VALUES(2,'周思艺',2,'1998-02-16','副教授','女');
INSERT INTO TEACHER(ID,name,college_id,birth,position,sex) VALUES(3,'李航',3,'1998-10-20','教授父亲','男');
INSERT INTO TEACHER(ID,name,college_id,birth,position,sex) VALUES(4,'廖家俊',4,'1998-06-30','教授叔叔','男');
INSERT INTO TEACHER(ID,name,college_id,birth,position,sex) VALUES(5,'李辉辉',1,'1997-08-24','教授','男');
INSERT INTO TEACHER(ID,name,college_id,birth,position,sex) VALUES(6,'谢雨杰',2,'1998-02-16','副教授','女');
INSERT INTO TEACHER(ID,name,college_id,birth,position,sex) VALUES(7,'复兴可',3,'1998-10-20','教授父亲','男');
INSERT INTO TEACHER(ID,name,college_id,birth,position,sex) VALUES(8,'邓辉',4,'1998-06-30','教授叔叔','男');
INSERT INTO TEACHER(ID,name,college_id,birth,position,sex) VALUES(9,'邓皓翰',1,'1997-08-24','教授','男');
INSERT INTO TEACHER(ID,name,college_id,birth,position,sex) VALUES(10,'肖芳茂',2,'1998-02-16','副教授','女');
INSERT INTO TEACHER(ID,name,college_id,birth,position,sex) VALUES(11,'王思杰',3,'1998-10-20','教授父亲','男');
INSERT INTO TEACHER(ID,name,college_id,birth,position,sex) VALUES(12,'李俊良',4,'1998-06-30','教授叔叔','男');
INSERT INTO TEACHER(ID,name,college_id,birth,position,sex) VALUES(13,'陆硕',2,'1998-02-16','副教授','女');
INSERT INTO TEACHER(ID,name,college_id,birth,position,sex) VALUES(14,'何刚',3,'1998-10-20','教授父亲','男');
INSERT INTO TEACHER(ID,name,college_id,birth,position,sex) VALUES(15,'任成',4,'1998-06-30','教授叔叔','男');
INSERT INTO TEACHER(ID,name,college_id,birth,position,sex) VALUES(16,'胥朝阳',4,'1998-06-30','教授叔叔','男');
INSERT INTO TEACHER(ID,name,college_id,birth,position,sex) VALUES(17,'江涛',2,'1998-02-16','副教授','女');
INSERT INTO TEACHER(ID,name,college_id,birth,position,sex) VALUES(18,'陈波',3,'1998-10-20','教授父亲','男');
INSERT INTO TEACHER(ID,name,college_id,birth,position,sex) VALUES(19,'贺成玉',4,'1998-06-30','教授叔叔','男');
INSERT INTO TEACHER(ID,name,college_id,birth,position,sex) VALUES(20,'杨玉梅',4,'1998-06-30','教授叔叔','男');


INSERT INTO COURSE(ID,CREDIT,NAME,COLLEGE_ID) VALUES(1,3,'JAVAEE',1);
INSERT INTO COURSE(ID,CREDIT,NAME,COLLEGE_ID) VALUES(2,4,'数据库',2);
INSERT INTO COURSE(ID,CREDIT,NAME,COLLEGE_ID) VALUES(3,5,'数据结构',3);
INSERT INTO COURSE(ID,CREDIT,NAME,COLLEGE_ID) VALUES(4,2,'C语言',4);
INSERT INTO COURSE(ID,CREDIT,NAME,COLLEGE_ID) VALUES(5,3,'操作系统',5);
INSERT INTO COURSE(ID,CREDIT,NAME,COLLEGE_ID) VALUES(6,4,'工程训练',6);
INSERT INTO COURSE(ID,CREDIT,NAME,COLLEGE_ID) VALUES(7,5,'信息安全',7);
INSERT INTO COURSE(ID,CREDIT,NAME,COLLEGE_ID) VALUES(8,2,'图形图像',8);
INSERT INTO COURSE(ID,CREDIT,NAME,COLLEGE_ID) VALUES(9,3,'算法分析',9);
INSERT INTO COURSE(ID,CREDIT,NAME,COLLEGE_ID) VALUES(10,4,'计算级组成原理',10);
INSERT INTO COURSE(ID,CREDIT,NAME,COLLEGE_ID) VALUES(11,5,'编译原理',11);
INSERT INTO COURSE(ID,CREDIT,NAME,COLLEGE_ID) VALUES(12,2,'C语言',12);
INSERT INTO COURSE(ID,CREDIT,NAME,COLLEGE_ID) VALUES(13,3,'操作系统',13);
INSERT INTO COURSE(ID,CREDIT,NAME,COLLEGE_ID) VALUES(14,4,'工程训练',14);
INSERT INTO COURSE(ID,CREDIT,NAME,COLLEGE_ID) VALUES(15,5,'信息安全',15);
INSERT INTO COURSE(ID,CREDIT,NAME,COLLEGE_ID) VALUES(16,2,'图形图像',16);
INSERT INTO COURSE(ID,CREDIT,NAME,COLLEGE_ID) VALUES(17,2,'人工智能',1);
INSERT INTO COURSE(ID,CREDIT,NAME,COLLEGE_ID) VALUES(18,2,'机器学习',2);
INSERT INTO COURSE(ID,CREDIT,NAME,COLLEGE_ID) VALUES(19,2,'软件测试',3);
INSERT INTO COURSE(ID,CREDIT,NAME,COLLEGE_ID) VALUES(20,4,'嵌入式',4);
INSERT INTO COURSE(ID,CREDIT,NAME,COLLEGE_ID) VALUES(21,4,'web自动化',5);
INSERT INTO COURSE(ID,CREDIT,NAME,COLLEGE_ID) VALUES(22,3,'大数据分析',6);
INSERT INTO COURSE(ID,CREDIT,NAME,COLLEGE_ID) VALUES(23,3,'python',7);
INSERT INTO COURSE(ID,CREDIT,NAME,COLLEGE_ID) VALUES(24,3,'数据可视化',8);
INSERT INTO COURSE(ID,CREDIT,NAME,COLLEGE_ID) VALUES(25,3,'视觉检测',9);
INSERT INTO COURSE(ID,CREDIT,NAME,COLLEGE_ID) VALUES(26,3,'需求工程',10);
INSERT INTO COURSE(ID,CREDIT,NAME,COLLEGE_ID) VALUES(27,4,'项目管理',11);
INSERT INTO COURSE(ID,CREDIT,NAME,COLLEGE_ID) VALUES(28,3,'智能识别',12);
INSERT INTO COURSE(ID,CREDIT,NAME,COLLEGE_ID) VALUES(29,1,'党课',13);
INSERT INTO COURSE(ID,CREDIT,NAME,COLLEGE_ID) VALUES(30,1,'形势与政策',14);
INSERT INTO COURSE(ID,CREDIT,NAME,COLLEGE_ID) VALUES(31,3,'高数',15);
INSERT INTO COURSE(ID,CREDIT,NAME,COLLEGE_ID) VALUES(32,4,'概率论',16);

INSERT INTO COURSESTUDENT(ID,SCORE,COURSE_ID,STUDENT_ID) VALUES(1,80,1,1); 
INSERT INTO COURSESTUDENT(ID,SCORE,COURSE_ID,STUDENT_ID) VALUES(2,90,2,2);
INSERT INTO COURSESTUDENT(ID,SCORE,COURSE_ID,STUDENT_ID) VALUES(3,100,3,4);
INSERT INTO COURSESTUDENT(ID,SCORE,COURSE_ID,STUDENT_ID) VALUES(4,60,4,3);
INSERT INTO COURSESTUDENT(ID,SCORE,COURSE_ID,STUDENT_ID) VALUES(5,80,5,1); 
INSERT INTO COURSESTUDENT(ID,SCORE,COURSE_ID,STUDENT_ID) VALUES(6,90,6,2);
INSERT INTO COURSESTUDENT(ID,SCORE,COURSE_ID,STUDENT_ID) VALUES(7,100,7,4);
INSERT INTO COURSESTUDENT(ID,SCORE,COURSE_ID,STUDENT_ID) VALUES(8,60,8,3);
INSERT INTO COURSESTUDENT(ID,SCORE,COURSE_ID,STUDENT_ID) VALUES(9,80,9,1); 
INSERT INTO COURSESTUDENT(ID,SCORE,COURSE_ID,STUDENT_ID) VALUES(10,90,10,2);
INSERT INTO COURSESTUDENT(ID,SCORE,COURSE_ID,STUDENT_ID) VALUES(11,100,11,4);
INSERT INTO COURSESTUDENT(ID,SCORE,COURSE_ID,STUDENT_ID) VALUES(12,60,12,3);
INSERT INTO COURSESTUDENT(ID,SCORE,COURSE_ID,STUDENT_ID) VALUES(13,80,13,1); 
INSERT INTO COURSESTUDENT(ID,SCORE,COURSE_ID,STUDENT_ID) VALUES(14,90,14,2);
INSERT INTO COURSESTUDENT(ID,SCORE,COURSE_ID,STUDENT_ID) VALUES(15,100,15,4);
INSERT INTO COURSESTUDENT(ID,SCORE,COURSE_ID,STUDENT_ID) VALUES(16,60,16,3);
INSERT INTO COURSESTUDENT(ID,SCORE,COURSE_ID,STUDENT_ID) VALUES(17,60,17,3);
INSERT INTO COURSESTUDENT(ID,SCORE,COURSE_ID,STUDENT_ID) VALUES(18,80,18,1); 
INSERT INTO COURSESTUDENT(ID,SCORE,COURSE_ID,STUDENT_ID) VALUES(19,90,19,2);
INSERT INTO COURSESTUDENT(ID,SCORE,COURSE_ID,STUDENT_ID) VALUES(20,100,20,4);
INSERT INTO COURSESTUDENT(ID,SCORE,COURSE_ID,STUDENT_ID) VALUES(21,60,21,3);
INSERT INTO COURSESTUDENT(ID,SCORE,COURSE_ID,STUDENT_ID) VALUES(22,80,22,1); 
INSERT INTO COURSESTUDENT(ID,SCORE,COURSE_ID,STUDENT_ID) VALUES(23,90,23,2);
INSERT INTO COURSESTUDENT(ID,SCORE,COURSE_ID,STUDENT_ID) VALUES(24,100,24,4);
INSERT INTO COURSESTUDENT(ID,SCORE,COURSE_ID,STUDENT_ID) VALUES(25,60,25,3);
INSERT INTO COURSESTUDENT(ID,SCORE,COURSE_ID,STUDENT_ID) VALUES(26,80,26,1); 
INSERT INTO COURSESTUDENT(ID,SCORE,COURSE_ID,STUDENT_ID) VALUES(27,90,27,2);
INSERT INTO COURSESTUDENT(ID,SCORE,COURSE_ID,STUDENT_ID) VALUES(28,100,28,4);
INSERT INTO COURSESTUDENT(ID,SCORE,COURSE_ID,STUDENT_ID) VALUES(29,60,29,3);
INSERT INTO COURSESTUDENT(ID,SCORE,COURSE_ID,STUDENT_ID) VALUES(30,100,30,4);
INSERT INTO COURSESTUDENT(ID,SCORE,COURSE_ID,STUDENT_ID) VALUES(31,60,31,3);
INSERT INTO COURSESTUDENT(ID,SCORE,COURSE_ID,STUDENT_ID) VALUES(32,100,32,4);

INSERT INTO CLASSES(ID,NAME,MAJOR_ID) VALUES(1,'1班',1);
INSERT INTO CLASSES(ID,NAME,MAJOR_ID) VALUES(2,'4班',2);
INSERT INTO CLASSES(ID,NAME,MAJOR_ID) VALUES(3,'3班',3);
INSERT INTO CLASSES(ID,NAME,MAJOR_ID) VALUES(4,'2班',4);
INSERT INTO CLASSES(ID,NAME,MAJOR_ID) VALUES(5,'1班',5);
INSERT INTO CLASSES(ID,NAME,MAJOR_ID) VALUES(6,'4班',6);
INSERT INTO CLASSES(ID,NAME,MAJOR_ID) VALUES(7,'3班',7);
INSERT INTO CLASSES(ID,NAME,MAJOR_ID) VALUES(8,'2班',8);
INSERT INTO CLASSES(ID,NAME,MAJOR_ID) VALUES(9,'1班',9);
INSERT INTO CLASSES(ID,NAME,MAJOR_ID) VALUES(10,'4班',10);
INSERT INTO CLASSES(ID,NAME,MAJOR_ID) VALUES(11,'3班',11);
INSERT INTO CLASSES(ID,NAME,MAJOR_ID) VALUES(12,'2班',12);
INSERT INTO CLASSES(ID,NAME,MAJOR_ID) VALUES(13,'1班',13);
INSERT INTO CLASSES(ID,NAME,MAJOR_ID) VALUES(14,'4班',14);
INSERT INTO CLASSES(ID,NAME,MAJOR_ID) VALUES(15,'3班',15);
INSERT INTO CLASSES(ID,NAME,MAJOR_ID) VALUES(16,'2班',16);
INSERT INTO CLASSES(ID,NAME,MAJOR_ID) VALUES(17,'1班',17);
INSERT INTO CLASSES(ID,NAME,MAJOR_ID) VALUES(18,'4班',18);
INSERT INTO CLASSES(ID,NAME,MAJOR_ID) VALUES(19,'3班',19);
INSERT INTO CLASSES(ID,NAME,MAJOR_ID) VALUES(20,'2班',20);
INSERT INTO CLASSES(ID,NAME,MAJOR_ID) VALUES(21,'1班',21);
INSERT INTO CLASSES(ID,NAME,MAJOR_ID) VALUES(22,'4班',22);
INSERT INTO CLASSES(ID,NAME,MAJOR_ID) VALUES(23,'3班',23);
INSERT INTO CLASSES(ID,NAME,MAJOR_ID) VALUES(24,'2班',24);
INSERT INTO CLASSES(ID,NAME,MAJOR_ID) VALUES(25,'4班',25);
INSERT INTO CLASSES(ID,NAME,MAJOR_ID) VALUES(26,'3班',26);
INSERT INTO CLASSES(ID,NAME,MAJOR_ID) VALUES(27,'2班',27);
INSERT INTO CLASSES(ID,NAME,MAJOR_ID) VALUES(28,'1班',28);
INSERT INTO CLASSES(ID,NAME,MAJOR_ID) VALUES(29,'4班',29);
INSERT INTO CLASSES(ID,NAME,MAJOR_ID) VALUES(30,'3班',30);
INSERT INTO CLASSES(ID,NAME,MAJOR_ID) VALUES(31,'2班',31);
INSERT INTO CLASSES(ID,NAME,MAJOR_ID) VALUES(32,'1班',32);
INSERT INTO CLASSES(ID,NAME,MAJOR_ID) VALUES(33,'4班',33);
INSERT INTO CLASSES(ID,NAME,MAJOR_ID) VALUES(34,'3班',34);
INSERT INTO CLASSES(ID,NAME,MAJOR_ID) VALUES(35,'2班',35);
INSERT INTO CLASSES(ID,NAME,MAJOR_ID) VALUES(36,'1班',36);
INSERT INTO CLASSES(ID,NAME,MAJOR_ID) VALUES(37,'4班',37);
INSERT INTO CLASSES(ID,NAME,MAJOR_ID) VALUES(38,'3班',38);
INSERT INTO CLASSES(ID,NAME,MAJOR_ID) VALUES(39,'2班',39);
INSERT INTO CLASSES(ID,NAME,MAJOR_ID) VALUES(40,'2班',40);

INSERT INTO COURSETEACHER(ID,COURSE_ID,TEACHER_ID) VALUES(1,1,1);
INSERT INTO COURSETEACHER(ID,COURSE_ID,TEACHER_ID) VALUES(2,2,2);
INSERT INTO COURSETEACHER(ID,COURSE_ID,TEACHER_ID) VALUES(3,3,3);
INSERT INTO COURSETEACHER(ID,COURSE_ID,TEACHER_ID) VALUES(4,4,4);
INSERT INTO COURSETEACHER(ID,COURSE_ID,TEACHER_ID) VALUES(5,5,5);
INSERT INTO COURSETEACHER(ID,COURSE_ID,TEACHER_ID) VALUES(6,6,6);
INSERT INTO COURSETEACHER(ID,COURSE_ID,TEACHER_ID) VALUES(7,7,7);
INSERT INTO COURSETEACHER(ID,COURSE_ID,TEACHER_ID) VALUES(8,8,8);
INSERT INTO COURSETEACHER(ID,COURSE_ID,TEACHER_ID) VALUES(9,9,9);
INSERT INTO COURSETEACHER(ID,COURSE_ID,TEACHER_ID) VALUES(10,10,10);
INSERT INTO COURSETEACHER(ID,COURSE_ID,TEACHER_ID) VALUES(11,11,11);
INSERT INTO COURSETEACHER(ID,COURSE_ID,TEACHER_ID) VALUES(12,12,12);
INSERT INTO COURSETEACHER(ID,COURSE_ID,TEACHER_ID) VALUES(13,13,13);
INSERT INTO COURSETEACHER(ID,COURSE_ID,TEACHER_ID) VALUES(14,14,14);
INSERT INTO COURSETEACHER(ID,COURSE_ID,TEACHER_ID) VALUES(15,15,15);
INSERT INTO COURSETEACHER(ID,COURSE_ID,TEACHER_ID) VALUES(16,16,16);
INSERT INTO COURSETEACHER(ID,COURSE_ID,TEACHER_ID) VALUES(17,17,17);
INSERT INTO COURSETEACHER(ID,COURSE_ID,TEACHER_ID) VALUES(18,18,18);
INSERT INTO COURSETEACHER(ID,COURSE_ID,TEACHER_ID) VALUES(19,19,19);
INSERT INTO COURSETEACHER(ID,COURSE_ID,TEACHER_ID) VALUES(20,20,20);
INSERT INTO COURSETEACHER(ID,COURSE_ID,TEACHER_ID) VALUES(21,21,1);
INSERT INTO COURSETEACHER(ID,COURSE_ID,TEACHER_ID) VALUES(22,22,2);
INSERT INTO COURSETEACHER(ID,COURSE_ID,TEACHER_ID) VALUES(23,23,3);
INSERT INTO COURSETEACHER(ID,COURSE_ID,TEACHER_ID) VALUES(24,24,4);
INSERT INTO COURSETEACHER(ID,COURSE_ID,TEACHER_ID) VALUES(25,25,5);
INSERT INTO COURSETEACHER(ID,COURSE_ID,TEACHER_ID) VALUES(26,26,6);
INSERT INTO COURSETEACHER(ID,COURSE_ID,TEACHER_ID) VALUES(27,27,7);
INSERT INTO COURSETEACHER(ID,COURSE_ID,TEACHER_ID) VALUES(28,28,8);
INSERT INTO COURSETEACHER(ID,COURSE_ID,TEACHER_ID) VALUES(29,29,9);
INSERT INTO COURSETEACHER(ID,COURSE_ID,TEACHER_ID) VALUES(30,30,10);
INSERT INTO COURSETEACHER(ID,COURSE_ID,TEACHER_ID) VALUES(31,31,11);
INSERT INTO COURSETEACHER(ID,COURSE_ID,TEACHER_ID) VALUES(32,32,12);

